﻿<?xml version="1.0" encoding="utf-8"?>
<publishData>
  <publishProfile publishUrl="C:\Trabajo\RedsysWs" deleteExistingFiles="False" ftpAnonymousLogin="False" ftpPassiveMode="True" msdeploySite="" msdeploySiteID="" msdeployRemoteSitePhysicalPath="" msdeployAllowUntrustedCertificate="False" msdeploySkipExtraFilesOnServer="True" msdeployMarkAsApp="False" profileName="Perfil1" publishMethod="FileSystem" replaceMatchingFiles="True" userName="" savePWD="False" userPWD="" SelectedForPublish="True">
    <file relUrl="Web.config" publishTime="11/06/2015 11:33:41" />
    <file relUrl="TestRedsysKO.aspx" publishTime="10/28/2015 13:07:08" />
    <file relUrl="packages.config" publishTime="10/23/2015 09:07:48" />
    <file relUrl="bin/WebRedsysAPI.dll" publishTime="11/06/2015 11:25:43" />
    <file relUrl="bin/RedsysAPI.dll" publishTime="11/06/2015 11:25:43" />
    <file relUrl="bin/Newtonsoft.Json.xml" publishTime="10/23/2015 09:07:47" />
    <file relUrl="TestRedsysAPIWs.aspx" publishTime="11/05/2015 11:01:27" />
    <file relUrl="bin/System.Net.Http.dll" publishTime="07/10/2012 21:52:12" />
    <file relUrl="TestRedsysOK.aspx" publishTime="10/28/2015 13:07:22" />
    <file relUrl="bin/System.Net.Http.xml" publishTime="06/23/2012 01:00:28" />
    <file relUrl="bin/Newtonsoft.Json.dll" publishTime="10/23/2015 09:07:47" />
    <file relUrl="SertClsWSEntrada.asmx" publishTime="11/06/2015 09:40:46" />
    <file relUrl="TestRedsysNotif.aspx" publishTime="10/29/2015 10:18:23" />
    <file relUrl="TestRedsysAPI.aspx" publishTime="10/29/2015 17:01:50" />
    <file relUrl="bin/RedsysAPI.pdb" publishTime="11/06/2015 11:25:43" />
    <file relUrl="bin/WebRedsysAPI.pdb" publishTime="11/06/2015 11:25:43" />
  </publishProfile>
</publishData>